# Redirect default Netlify subdomain to primary domain
https://fractal-docs.netlify.com/* https://fractal.build/:splat 301!


# Rules for changed urls

# Guide Rules
/guide/installation /guide/installation.html 301
/guide/installation/* /guide/installation.html/:splat 301


/guide/upgrading /guide/upgrading.html 301
/guide/upgrading/* /guide/upgrading.html/:splat 301


/guide/getting-started /guide/getting-started.html 301
/guide/getting-started/* /guide/getting-started.html/:splat 301


/guide/project-settings /guide/project-settings.html 301
/guide/project-settings/* /guide/project-settings.html/:splat 301


/guide/core-concepts/view-templates /guide/core-concepts/view-templates.html 301
/guide/core-concepts/view-templates/* /guide/core-concepts/view-templates.html/:splat 301

/guide/core-concepts/context-data /guide/core-concepts/context-data.html 301
/guide/core-concepts/context-data/* /guide/core-concepts/context-data.html/:splat 301 

/guide/core-concepts/configuration-files /guide/core-concepts/configuration-files.html 301
/guide/core-concepts/configuration-files/* /guide/core-concepts/configuration-files.html/:splat 301 

/guide/core-concepts/naming /guide/core-concepts/naming.html 301
/guide/core-concepts/naming/* /guide/core-concepts/naming.html/:splat 301 

/guide/core-concepts/statuses /guide/core-concepts/statuses.html 301
/guide/core-concepts/statuses/* /guide/core-concepts/statuses.html/:splat 301 


/guide/components/creating-a-component /guide/components/creating-a-component.html 301
/guide/components/creating-a-component/* /guide/components/creating-a-component.html/:splat 301 

/guide/components/preview-layouts /guide/components/preview-layouts.html 301
/guide/components/preview-layouts/* /guide/components/preview-layouts.html/:splat 301 

/guide/components/variants /guide/components/variants.html 301
/guide/components/variants/* /guide/components/variants.html/:splat 301 

/guide/components/including-sub-components /guide/components/including-sub-components.html 301
/guide/components/including-sub-components/* /guide/components/including-sub-components.html/:splat 301 

/guide/components/notes /guide/components/notes.html 301
/guide/components/notes/* /guide/components/notes.html/:splat 301 

/guide/components/configuration-reference /guide/components/configuration-reference.html 301
/guide/components/configuration-reference/* /guide/components/configuration-reference.html/:splat 301 


/guide/documentation/dynamic-docs /guide/documentation/dynamic-docs.html 301
/guide/documentation/dynamic-docs/* /guide/documentation/dynamic-docs.html/:splat 301 

/guide/documentation/configuration-reference /guide/documentation/configuration-reference.html 301
/guide/documentation/configuration-reference/* /guide/documentation/configuration-reference.html/:splat 301 


/guide/collections/configuration-reference /guide/collections/configuration-reference.html 301
/guide/collections/configuration-reference/* /guide/collections/configuration-reference.html/:splat 301 


/guide/web/development-server /guide/web/development-server.html 301
/guide/web/development-server/* /guide/web/development-server.html/:splat 301 

/guide/web/exporting-static-html /guide/web/exporting-static-html.html 301
/guide/web/exporting-static-html/* /guide/web/exporting-static-html.html/:splat 301 

/guide/web/default-theme /guide/web/default-theme.html 301
/guide/web/default-theme/* /guide/web/default-theme.html/:splat 301 

/guide/web/configuration-reference /guide/web/configuration-reference.html 301
/guide/web/configuration-reference/* /guide/web/configuration-reference.html/:splat 301 


/guide/cli/interactive-mode /guide/cli/interactive-mode.html 301
/guide/cli/interactive-mode/* /guide/cli/interactive-mode.html/:splat 301 


/guide/cli/commands-reference /guide/cli/commands-reference.html 301
/guide/cli/commands-reference/* /guide/cli/commands-reference.html/:splat 301 


/guide/customisation/template-engines /guide/customisation/template-engines.html 301
/guide/customisation/template-engines/* /guide/customisation/template-engines.html/:splat 301 


/guide/customisation/web-themes /guide/customisation/web-themes.html 301
/guide/customisation/web-themes/* /guide/customisation/web-themes.html/:splat 301 


/guide/integration/build-tools /guide/integration/build-tools.html 301
/guide/integration/build-tools/* /guide/integration/build-tools.html/:splat 301

/guide/integration/including-as-dependency /guide/integration/including-as-dependency.html 301
/guide/integration/including-as-dependency/* /guide/integration/including-as-dependency.html/:splat 301 

/guide/integration/integrating-into-production /guide/integration/integrating-into-production.html 301
/guide/integration/integrating-into-production/* /guide/integration/integrating-into-production.html/:splat 301 


# API Rules

/api/endpoints/fractal /api/endpoints/fractal.html 301
/api/endpoints/fractal/* /api/endpoints/fractal.html/:splat 301

/api/endpoints/fractal-components /api/endpoints/fractal-components.html 301
/api/endpoints/fractal-components/* /api/endpoints/fractal-components.html/:splat 301

/api/endpoints/fractal-docs /api/endpoints/fractal-docs.html 301
/api/endpoints/fractal-docs/* /api/endpoints/fractal-docs.html/:splat 301

/api/endpoints/fractal-web /api/endpoints/fractal-web.html 301
/api/endpoints/fractal-web/* /api/endpoints/fractal-web.html/:splat 301

/api/endpoints/fractal-cli /api/endpoints/fractal-cli.html 301
/api/endpoints/fractal-cli/* /api/endpoints/fractal-cli.html/:splat 301


/api/entities/component /api/entities/component.html 301
/api/entities/component/* /api/entities/component.html/:splat 301

/api/entities/doc /api/entities/doc.html 301
/api/entities/doc/* /api/entities/doc.html/:splat 301

/api/entities/collection /api/entities/collection.html 301
/api/entities/collection/* /api/entities/collection.html/:splat 301

/api/entities/server /api/entities/server.html 301
/api/entities/server/* /api/entities/server.html/:splat 301

/api/entities/builder /api/entities/builder.html 301
/api/entities/builder/* /api/entities/builder.html/:splat 301

/api/entities/web-theme /api/entities/web-theme.html 301
/api/entities/web-theme/* /api/entities/web-theme.html/:splat 301

/api/entities/adapter /api/entities/adapter.html 301
/api/entities/adapter/* /api/entities/adapter.html/:splat 301
